"COL0","COL1","COL2","COL3"
"4620000.00",2224010.00,250525.00,407255.00
"4620001.00",1590.00,265.00,310.00
"4620002.00",1955.00,345.00,415.00
"4620003.00",3555.00,590.00,800.00
"4620004.00",1920.00,280.00,455.00
"4620005.00",1810.00,305.00,385.00
"4620006.00",2420.00,530.00,540.00
"4620007.00",3270.00,445.00,615.00
"4620008.00",1875.00,295.00,300.00
"4620009.00",2120.00,460.00,410.00
"4620010.00",880.00,100.00,195.00
"4620011.00",3325.00,325.00,590.00
"4620012.01",1325.00,185.00,315.00
"4620012.02",2250.00,340.00,365.00
"4620013.00",2950.00,380.00,570.00
"4620014.01",4895.00,565.00,730.00
"4620014.02",,,
"4620015.00",2620.00,380.00,365.00
"4620016.00",1505.00,315.00,190.00
"4620017.00",1340.00,140.00,205.00
"4620018.00",1315.00,250.00,150.00
"4620019.00",1490.00,280.00,255.00
"4620021.00",1775.00,425.00,330.00
"4620022.00",940.00,135.00,155.00
"4620023.00",910.00,130.00,140.00
"4620024.00",1765.00,240.00,265.00
"4620025.00",1975.00,300.00,310.00
"4620026.00",1735.00,210.00,275.00
"4620027.00",1130.00,145.00,225.00
"4620028.00",1495.00,165.00,200.00
"4620029.00",2340.00,290.00,380.00
"4620030.00",2025.00,200.00,330.00
"4620031.00",1785.00,100.00,300.00
"4620032.00",1140.00,125.00,190.00
"4620033.00",1135.00,120.00,210.00
"4620034.00",1730.00,315.00,335.00
"4620035.00",1345.00,105.00,135.00
"4620036.00",1400.00,140.00,195.00
"4620037.00",1950.00,250.00,270.00
"4620038.00",1245.00,220.00,125.00
"4620039.00",1455.00,145.00,210.00
"4620040.00",,,
"4620041.00",1180.00,130.00,210.00
"4620042.00",680.00,55.00,100.00
"4620043.00",660.00,45.00,95.00
"4620044.00",1435.00,145.00,195.00
"4620045.00",930.00,75.00,175.00
"4620046.00",1510.00,125.00,195.00
"4620047.00",535.00,55.00,70.00
"4620048.00",1625.00,125.00,160.00
"4620049.00",845.00,70.00,80.00
"4620050.00",770.00,75.00,85.00
"4620051.00",945.00,40.00,65.00
"4620052.00",1125.00,135.00,145.00
"4620053.00",710.00,50.00,60.00
"4620054.00",860.00,10.00,120.00
"4620055.01",3240.00,80.00,300.00
"4620055.02",405.00,20.00,30.00
"4620056.00",780.00,50.00,120.00
"4620057.00",710.00,60.00,90.00
"4620058.00",690.00,45.00,75.00
"4620059.00",945.00,10.00,120.00
"4620060.00",470.00,195.00,155.00
"4620061.00",505.00,30.00,25.00
"4620062.00",1600.00,25.00,135.00
"4620063.00",560.00,10.00,40.00
"4620064.00",945.00,10.00,90.00
"4620065.01",3970.00,100.00,375.00
"4620065.02",2145.00,45.00,275.00
"4620066.01",1720.00,35.00,220.00
"4620066.02",1220.00,65.00,175.00
"4620067.00",1060.00,100.00,180.00
"4620068.00",880.00,190.00,255.00
"4620069.01",2505.00,20.00,160.00
"4620069.02",1170.00,30.00,105.00
"4620070.01",1630.00,25.00,150.00
"4620070.02",2495.00,50.00,170.00
"4620071.00",,,
"4620072.00",2210.00,340.00,410.00
"4620073.00",1125.00,155.00,160.00
"4620074.00",2350.00,350.00,355.00
"4620075.00",1690.00,230.00,250.00
"4620076.00",1900.00,235.00,265.00
"4620077.00",1720.00,175.00,280.00
"4620078.00",2285.00,215.00,330.00
"4620079.00",3050.00,295.00,415.00
"4620080.00",575.00,15.00,85.00
"4620081.00",2690.00,205.00,340.00
"4620082.00",1360.00,185.00,260.00
"4620083.00",2300.00,280.00,355.00
"4620084.00",1475.00,150.00,175.00
"4620085.00",400.00,80.00,115.00
"4620086.00",2405.00,270.00,460.00
"4620087.00",2090.00,455.00,390.00
"4620088.00",2000.00,355.00,350.00
"4620089.00",2935.00,290.00,670.00
"4620090.00",2585.00,350.00,485.00
"4620091.00",,,
"4620092.00",3355.00,545.00,735.00
"4620093.00",1975.00,385.00,370.00
"4620094.01",3510.00,405.00,785.00
"4620094.02",,,
"4620095.00",1255.00,40.00,180.00
"4620096.00",1405.00,45.00,135.00
"4620097.01",4075.00,170.00,720.00
"4620097.02",2390.00,95.00,440.00
"4620098.00",2805.00,130.00,455.00
"4620099.00",2785.00,145.00,325.00
"4620100.01",2220.00,155.00,340.00
"4620100.02",1940.00,120.00,385.00
"4620101.01",1920.00,195.00,320.00
"4620101.02",2025.00,225.00,400.00
"4620102.00",2430.00,65.00,220.00
"4620103.00",1345.00,30.00,110.00
"4620104.00",1515.00,10.00,100.00
"4620105.00",1785.00,35.00,165.00
"4620106.00",1030.00,30.00,110.00
"4620107.00",1015.00,30.00,140.00
"4620108.00",2010.00,30.00,185.00
"4620109.00",1270.00,35.00,140.00
"4620110.00",2370.00,105.00,295.00
"4620111.00",3510.00,245.00,770.00
"4620112.01",2820.00,385.00,670.00
"4620112.02",2150.00,175.00,515.00
"4620113.00",2845.00,175.00,405.00
"4620114.00",1015.00,25.00,95.00
"4620115.01",1035.00,25.00,75.00
"4620115.02",3370.00,55.00,285.00
"4620116.00",3475.00,185.00,455.00
"4620117.00",2325.00,210.00,515.00
"4620118.00",2420.00,215.00,590.00
"4620119.00",3610.00,550.00,915.00
"4620120.01",3455.00,210.00,435.00
"4620120.02",430.00,10.00,40.00
"4620121.00",935.00,15.00,90.00
"4620122.00",3680.00,665.00,745.00
"4620123.00",3400.00,175.00,335.00
"4620124.00",3140.00,235.00,550.00
"4620125.00",2595.00,85.00,505.00
"4620126.00",745.00,35.00,40.00
"4620127.01",2825.00,55.00,190.00
"4620127.02",,,
"4620128.00",1795.00,20.00,185.00
"4620129.01",1980.00,35.00,160.00
"4620129.02",1330.00,40.00,100.00
"4620130.00",1295.00,20.00,90.00
"4620131.00",1425.00,35.00,135.00
"4620132.00",2510.00,80.00,250.00
"4620133.00",1375.00,60.00,175.00
"4620134.00",705.00,35.00,60.00
"4620135.00",1130.00,55.00,110.00
"4620136.00",1745.00,140.00,175.00
"4620137.00",555.00,30.00,75.00
"4620138.00",1085.00,60.00,160.00
"4620139.00",2115.00,95.00,225.00
"4620140.00",910.00,35.00,95.00
"4620141.00",1125.00,45.00,110.00
"4620142.00",960.00,55.00,160.00
"4620143.00",1300.00,60.00,145.00
"4620144.00",2245.00,70.00,170.00
"4620145.00",,,
"4620146.00",1695.00,45.00,180.00
"4620147.00",1845.00,55.00,160.00
"4620148.00",670.00,25.00,70.00
"4620149.00",2120.00,90.00,245.00
"4620150.00",1630.00,100.00,220.00
"4620151.00",1410.00,35.00,115.00
"4620152.00",1090.00,45.00,110.00
"4620153.00",460.00,40.00,100.00
"4620154.00",750.00,20.00,105.00
"4620155.00",1155.00,40.00,150.00
"4620156.00",1345.00,80.00,175.00
"4620157.00",1470.00,50.00,160.00
"4620158.00",1415.00,70.00,150.00
"4620159.00",1290.00,30.00,130.00
"4620160.00",1100.00,50.00,95.00
"4620161.00",1315.00,145.00,125.00
"4620162.00",1020.00,30.00,85.00
"4620163.00",1860.00,90.00,240.00
"4620164.00",840.00,45.00,50.00
"4620165.00",1420.00,60.00,245.00
"4620166.00",350.00,35.00,50.00
"4620167.00",1520.00,75.00,150.00
"4620168.00",1505.00,70.00,210.00
"4620169.00",1315.00,60.00,150.00
"4620170.00",1375.00,135.00,150.00
"4620171.00",2995.00,160.00,280.00
"4620172.00",1780.00,40.00,155.00
"4620173.00",1435.00,60.00,95.00
"4620174.00",1480.00,30.00,85.00
"4620175.00",1440.00,45.00,110.00
"4620176.00",1070.00,45.00,110.00
"4620177.00",965.00,40.00,110.00
"4620178.00",1705.00,55.00,165.00
"4620179.00",2710.00,240.00,350.00
"4620180.00",2185.00,260.00,325.00
"4620181.00",2820.00,260.00,410.00
"4620182.00",1365.00,75.00,180.00
"4620183.00",1495.00,175.00,220.00
"4620184.00",1820.00,120.00,375.00
"4620185.00",3265.00,355.00,555.00
"4620186.00",2845.00,375.00,385.00
"4620187.01",1725.00,145.00,295.00
"4620187.03",2825.00,260.00,400.00
"4620187.04",3350.00,185.00,265.00
"4620188.01",1405.00,125.00,165.00
"4620188.02",1620.00,140.00,220.00
"4620189.00",,,
"4620190.01",1900.00,185.00,300.00
"4620190.02",1720.00,70.00,205.00
"4620191.00",3320.00,235.00,565.00
"4620192.00",1365.00,90.00,185.00
"4620193.00",1140.00,105.00,175.00
"4620194.00",4200.00,485.00,630.00
"4620195.01",1525.00,190.00,270.00
"4620195.02",2680.00,370.00,510.00
"4620195.03",2780.00,270.00,530.00
"4620196.00",2200.00,275.00,285.00
"4620197.00",2850.00,335.00,380.00
"4620198.00",2770.00,310.00,535.00
"4620199.00",1675.00,165.00,235.00
"4620200.00",2790.00,380.00,455.00
"4620201.00",3785.00,460.00,570.00
"4620202.00",2280.00,210.00,300.00
"4620203.00",1660.00,65.00,200.00
"4620204.00",1720.00,130.00,225.00
"4620205.00",1320.00,75.00,150.00
"4620206.00",1660.00,75.00,230.00
"4620207.00",2120.00,245.00,350.00
"4620208.00",1605.00,110.00,145.00
"4620209.00",3615.00,240.00,585.00
"4620210.00",2780.00,205.00,300.00
"4620211.00",1525.00,60.00,185.00
"4620212.00",1790.00,85.00,210.00
"4620213.00",1670.00,75.00,130.00
"4620214.00",1820.00,140.00,160.00
"4620215.00",1915.00,155.00,195.00
"4620216.00",1635.00,95.00,155.00
"4620217.00",1900.00,150.00,185.00
"4620218.00",2145.00,125.00,250.00
"4620219.00",1945.00,175.00,185.00
"4620220.00",3215.00,695.00,590.00
"4620221.00",3260.00,810.00,720.00
"4620222.00",2025.00,500.00,500.00
"4620223.01",2035.00,590.00,550.00
"4620223.02",1655.00,470.00,390.00
"4620224.00",2970.00,855.00,810.00
"4620225.00",850.00,120.00,145.00
"4620226.00",2075.00,155.00,220.00
"4620227.00",1085.00,75.00,100.00
"4620228.00",1015.00,50.00,75.00
"4620229.00",,,
"4620230.00",1295.00,110.00,125.00
"4620231.00",1225.00,80.00,115.00
"4620232.00",2490.00,135.00,215.00
"4620233.00",1325.00,115.00,125.00
"4620234.00",1270.00,140.00,165.00
"4620235.00",1380.00,40.00,135.00
"4620236.00",1195.00,95.00,165.00
"4620237.00",2355.00,155.00,250.00
"4620238.00",1520.00,95.00,185.00
"4620239.00",3025.00,345.00,375.00
"4620240.00",1730.00,280.00,315.00
"4620241.00",1715.00,320.00,290.00
"4620242.00",3645.00,645.00,560.00
"4620243.00",2265.00,345.00,360.00
"4620244.00",1265.00,135.00,185.00
"4620245.00",1945.00,145.00,175.00
"4620247.00",1445.00,35.00,180.00
"4620249.00",2330.00,325.00,430.00
"4620250.00",2440.00,330.00,405.00
"4620251.01",1845.00,375.00,410.00
"4620251.02",1645.00,425.00,295.00
"4620252.00",2995.00,645.00,550.00
"4620253.00",1960.00,420.00,335.00
"4620254.00",2325.00,425.00,470.00
"4620256.00",1960.00,615.00,415.00
"4620257.00",2395.00,760.00,465.00
"4620258.00",2550.00,685.00,560.00
"4620259.00",3160.00,1040.00,640.00
"4620260.00",1155.00,245.00,235.00
"4620261.00",1420.00,475.00,315.00
"4620262.00",2450.00,760.00,525.00
"4620263.00",2075.00,480.00,430.00
"4620264.01",2620.00,210.00,435.00
"4620264.02",2930.00,200.00,425.00
"4620265.00",2670.00,220.00,415.00
"4620266.00",1995.00,220.00,350.00
"4620267.00",3595.00,595.00,875.00
"4620268.01",3455.00,305.00,580.00
"4620268.02",3080.00,370.00,580.00
"4620268.03",,,
"4620269.00",2365.00,260.00,375.00
"4620270.00",2710.00,225.00,375.00
"4620271.00",1975.00,105.00,245.00
"4620272.00",2290.00,250.00,415.00
"4620273.00",2295.00,230.00,400.00
"4620274.00",1580.00,155.00,295.00
"4620275.00",2350.00,280.00,480.00
"4620276.00",2935.00,295.00,475.00
"4620277.00",2180.00,260.00,355.00
"4620278.00",2480.00,190.00,275.00
"4620279.00",2370.00,155.00,280.00
"4620280.00",2515.00,265.00,320.00
"4620281.00",1700.00,65.00,150.00
"4620282.00",3475.00,370.00,555.00
"4620283.01",1720.00,185.00,320.00
"4620283.02",1335.00,185.00,265.00
"4620284.00",1780.00,160.00,310.00
"4620285.00",3050.00,375.00,470.00
"4620286.00",2755.00,460.00,535.00
"4620287.01",3860.00,560.00,610.00
"4620287.02",2245.00,225.00,390.00
"4620288.00",635.00,10.00,75.00
"4620290.01",1400.00,190.00,300.00
"4620290.02",3090.00,430.00,760.00
"4620290.03",2295.00,355.00,605.00
"4620290.04",3700.00,540.00,850.00
"4620290.05",2045.00,310.00,405.00
"4620290.06",2790.00,495.00,630.00
"4620290.07",2170.00,315.00,530.00
"4620290.08",2145.00,360.00,545.00
"4620290.09",2470.00,300.00,585.00
"4620291.01",2155.00,340.00,555.00
"4620291.03",2955.00,305.00,625.00
"4620291.04",2685.00,275.00,530.00
"4620300.00",1400.00,175.00,175.00
"4620301.00",3375.00,320.00,520.00
"4620302.00",2015.00,245.00,335.00
"4620303.00",1480.00,195.00,250.00
"4620304.00",1995.00,205.00,340.00
"4620305.00",2475.00,190.00,330.00
"4620306.00",1760.00,200.00,285.00
"4620307.00",2125.00,305.00,360.00
"4620308.00",1790.00,270.00,345.00
"4620309.00",835.00,80.00,110.00
"4620310.00",2060.00,230.00,465.00
"4620311.00",2325.00,350.00,490.00
"4620312.00",1905.00,225.00,345.00
"4620313.00",1930.00,205.00,490.00
"4620314.00",1325.00,115.00,285.00
"4620315.00",,,
"4620316.00",1210.00,45.00,155.00
"4620317.02",4110.00,80.00,455.00
"4620317.03",2635.00,20.00,200.00
"4620317.04",4535.00,95.00,370.00
"4620320.00",2570.00,215.00,475.00
"4620321.00",1770.00,225.00,380.00
"4620322.02",2020.00,165.00,390.00
"4620322.03",2340.00,260.00,610.00
"4620322.04",1495.00,185.00,395.00
"4620323.00",1445.00,150.00,290.00
"4620324.01",2625.00,330.00,675.00
"4620324.02",1485.00,210.00,355.00
"4620325.01",1890.00,285.00,465.00
"4620325.02",3380.00,460.00,880.00
"4620325.03",1820.00,260.00,465.00
"4620325.05",3650.00,280.00,610.00
"4620325.06",2395.00,220.00,545.00
"4620326.01",1515.00,240.00,470.00
"4620326.02",1910.00,205.00,555.00
"4620326.03",2480.00,335.00,615.00
"4620327.00",2715.00,415.00,625.00
"4620328.00",995.00,205.00,225.00
"4620329.00",2120.00,200.00,415.00
"4620330.00",3010.00,615.00,710.00
"4620340.00",2510.00,70.00,240.00
"4620350.00",1230.00,30.00,140.00
"4620351.00",2020.00,25.00,200.00
"4620352.00",1445.00,30.00,120.00
"4620353.00",1470.00,25.00,70.00
"4620354.00",1385.00,15.00,60.00
"4620355.00",725.00,10.00,25.00
"4620356.00",945.00,0.00,90.00
"4620360.00",830.00,15.00,35.00
"4620361.00",580.00,0.00,15.00
"4620362.00",1095.00,25.00,120.00
"4620363.00",2065.00,125.00,285.00
"4620364.00",1250.00,185.00,260.00
"4620365.00",1635.00,45.00,200.00
"4620366.00",1320.00,20.00,110.00
"4620367.00",2115.00,50.00,135.00
"4620370.00",3285.00,105.00,310.00
"4620380.00",1910.00,55.00,290.00
"4620381.00",3090.00,160.00,505.00
"4620382.01",1390.00,75.00,175.00
"4620382.02",2050.00,90.00,305.00
"4620383.01",1280.00,50.00,225.00
"4620383.02",3225.00,120.00,440.00
"4620385.00",680.00,0.00,115.00
"4620390.00",740.00,120.00,195.00
"4620391.00",950.00,165.00,320.00
"4620392.00",815.00,100.00,155.00
"4620393.00",4050.00,570.00,765.00
"4620394.00",2240.00,415.00,520.00
"4620395.01",1310.00,435.00,280.00
"4620395.02",3445.00,520.00,835.00
"4620395.03",2725.00,270.00,415.00
"4620396.00",3110.00,235.00,530.00
"4620397.00",2115.00,55.00,310.00
"4620400.00",2650.00,75.00,180.00
"4620401.00",1440.00,25.00,110.00
"4620402.00",940.00,15.00,110.00
"4620403.00",2410.00,105.00,175.00
"4620404.00",2245.00,50.00,190.00
"4620410.01",2765.00,320.00,515.00
"4620410.02",2540.00,140.00,310.00
"4620410.03",975.00,160.00,120.00
"4620412.00",3830.00,325.00,675.00
"4620413.01",1770.00,80.00,225.00
"4620413.02",1940.00,215.00,420.00
"4620415.03",2190.00,230.00,395.00
"4620415.04",2495.00,270.00,515.00
"4620415.05",4460.00,145.00,430.00
"4620415.06",4555.00,115.00,340.00
"4620416.01",1960.00,215.00,310.00
"4620416.02",1535.00,155.00,370.00
"4620417.01",2560.00,375.00,535.00
"4620417.02",1515.00,385.00,290.00
"4620418.00",3385.00,300.00,475.00
"4620419.00",2500.00,495.00,465.00
"4620420.00",2385.00,195.00,330.00
"4620421.01",4270.00,555.00,840.00
"4620421.02",3955.00,600.00,760.00
"4620430.00",3975.00,350.00,880.00
"4620431.00",2865.00,170.00,670.00
"4620432.00",1475.00,55.00,225.00
"4620433.00",2135.00,195.00,480.00
"4620440.00",,,
"4620450.00",3325.00,125.00,530.00
"4620451.00",3440.00,165.00,685.00
"4620452.00",3190.00,120.00,625.00
"4620453.01",2840.00,120.00,455.00
"4620453.02",2480.00,110.00,455.00
"4620460.00",2565.00,20.00,275.00
"4620461.00",1400.00,20.00,130.00
"4620462.01",2455.00,35.00,310.00
"4620462.02",2960.00,70.00,280.00
"4620470.01",3425.00,70.00,545.00
"4620470.03",2865.00,65.00,405.00
"4620470.04",1930.00,65.00,315.00
"4620470.05",2250.00,80.00,300.00
"4620480.00",1785.00,30.00,235.00
"4620490.00",1315.00,60.00,270.00
"4620491.00",1085.00,25.00,140.00
"4620500.00",445.00,15.00,35.00
"4620511.01",1620.00,135.00,270.00
"4620511.02",3305.00,395.00,700.00
"4620512.02",2275.00,160.00,465.00
"4620512.03",1360.00,95.00,325.00
"4620512.04",3525.00,355.00,950.00
"4620513.01",2785.00,310.00,730.00
"4620513.02",2125.00,205.00,445.00
"4620514.01",3730.00,270.00,835.00
"4620514.02",3405.00,270.00,760.00
"4620515.01",3215.00,195.00,565.00
"4620515.02",2585.00,180.00,460.00
"4620515.03",1880.00,195.00,420.00
"4620515.04",1975.00,160.00,465.00
"4620520.02",3585.00,435.00,950.00
"4620520.03",1955.00,230.00,530.00
"4620520.04",2400.00,315.00,720.00
"4620521.01",2625.00,210.00,675.00
"4620521.04",2495.00,130.00,475.00
"4620521.05",2345.00,120.00,380.00
"4620521.06",2480.00,75.00,295.00
"4620521.07",1965.00,70.00,290.00
"4620522.01",1845.00,95.00,255.00
"4620522.02",1770.00,110.00,335.00
"4620523.00",1185.00,40.00,185.00
"4620530.00",3080.00,230.00,555.00
"4620540.00",1885.00,245.00,425.00
"4620550.02",1840.00,155.00,330.00
"4620550.03",3540.00,130.00,510.00
"4620550.04",2630.00,185.00,535.00
"4620570.00",2180.00,480.00,530.00
"4620580.01",2490.00,370.00,495.00
"4620580.02",2135.00,220.00,505.00
"4620580.03",2200.00,215.00,500.00
"4620581.01",2805.00,535.00,640.00
"4620581.02",2030.00,440.00,490.00
"4620582.01",3465.00,540.00,840.00
"4620582.02",3230.00,580.00,775.00
"4620583.00",1800.00,360.00,410.00
"4620584.00",3805.00,745.00,860.00
"4620585.01",1195.00,90.00,270.00
"4620585.02",1870.00,260.00,540.00
"4620590.01",2835.00,420.00,550.00
"4620590.02",1830.00,290.00,390.00
"4620591.01",1430.00,125.00,225.00
"4620591.02",2075.00,200.00,325.00
"4620592.00",3830.00,400.00,800.00
"4620593.01",1610.00,165.00,350.00
"4620593.02",2350.00,325.00,420.00
"4620594.01",1445.00,225.00,315.00
"4620594.02",3765.00,365.00,720.00
"4620600.01",1930.00,285.00,400.00
"4620600.02",2145.00,310.00,375.00
"4620600.03",2825.00,420.00,605.00
"4620601.01",1540.00,200.00,345.00
"4620601.02",2485.00,300.00,440.00
"4620602.01",1845.00,260.00,380.00
"4620602.02",1465.00,255.00,315.00
"4620603.01",1760.00,240.00,450.00
"4620603.02",1790.00,325.00,440.00
"4620603.03",1870.00,370.00,350.00
"4620604.01",1630.00,195.00,320.00
"4620604.02",2300.00,355.00,440.00
"4620604.03",1585.00,280.00,340.00
"4620604.04",1725.00,225.00,380.00
"4620604.05",2670.00,340.00,600.00
"4620605.01",1735.00,305.00,405.00
"4620605.02",930.00,55.00,175.00
"4620605.03",3010.00,405.00,670.00
"4620605.04",2510.00,350.00,565.00
"4620605.05",1130.00,140.00,255.00
"4620610.01",2490.00,695.00,630.00
"4620610.02",2280.00,565.00,430.00
"4620610.03",2200.00,435.00,440.00
"4620610.04",2035.00,650.00,460.00
"4620610.05",2390.00,800.00,450.00
"4620610.06",1430.00,360.00,295.00
"4620610.07",1455.00,450.00,350.00
"4620611.01",1435.00,435.00,270.00
"4620611.02",2870.00,755.00,560.00
"4620612.00",2480.00,685.00,425.00
"4620613.00",3800.00,905.00,830.00
"4620614.00",1835.00,355.00,415.00
"4620615.00",2835.00,610.00,615.00
"4620616.00",3400.00,805.00,650.00
"4620617.01",2730.00,515.00,550.00
"4620617.02",2100.00,370.00,405.00
"4620618.00",1825.00,390.00,350.00
"4620619.00",2350.00,355.00,360.00
"4620625.01",3425.00,605.00,715.00
"4620625.02",4140.00,535.00,875.00
"4620626.00",3940.00,370.00,705.00
"4620627.00",2975.00,440.00,570.00
"4620628.01",2450.00,315.00,400.00
"4620628.02",1995.00,185.00,370.00
"4620629.00",1720.00,180.00,325.00
"4620630.01",1835.00,105.00,330.00
"4620630.02",2285.00,110.00,315.00
"4620631.00",4410.00,315.00,855.00
"4620632.01",2535.00,340.00,540.00
"4620632.02",2670.00,315.00,515.00
"4620632.03",2520.00,175.00,515.00
"4620632.04",4180.00,400.00,975.00
"4620633.00",2415.00,170.00,370.00
"4620634.00",1630.00,245.00,280.00
"4620635.00",2495.00,370.00,490.00
"4620636.00",3980.00,670.00,795.00
"4620637.01",2600.00,360.00,480.00
"4620637.02",2655.00,395.00,600.00
"4620638.01",3070.00,455.00,535.00
"4620638.02",1155.00,165.00,215.00
"4620638.03",2260.00,370.00,430.00
"4620638.04",3680.00,780.00,685.00
"4620639.00",2035.00,200.00,345.00
"4620640.00",2055.00,265.00,350.00
"4620641.01",4355.00,580.00,855.00
"4620641.02",1965.00,125.00,250.00
"4620642.00",3855.00,480.00,755.00
"4620643.01",3125.00,195.00,485.00
"4620643.02",3285.00,255.00,630.00
"4620643.03",3125.00,585.00,630.00
"4620644.00",635.00,55.00,135.00
"4620645.00",2225.00,485.00,490.00
"4620646.01",1860.00,495.00,495.00
"4620646.02",1880.00,310.00,465.00
"4620646.03",1665.00,330.00,370.00
"4620647.01",1075.00,85.00,240.00
"4620647.02",3390.00,555.00,720.00
"4620648.00",2620.00,495.00,750.00
"4620649.01",1415.00,240.00,325.00
"4620649.02",2660.00,540.00,745.00
"4620650.01",2005.00,370.00,470.00
"4620650.02",2120.00,470.00,505.00
"4620650.04",4140.00,570.00,900.00
"4620650.05",2030.00,230.00,450.00
"4620651.01",3500.00,525.00,730.00
"4620651.02",4260.00,530.00,810.00
"4620652.01",4370.00,290.00,770.00
"4620652.04",2295.00,165.00,570.00
"4620652.06",2325.00,75.00,335.00
"4620652.07",4895.00,290.00,805.00
"4620652.08",2760.00,265.00,395.00
"4620652.09",2440.00,310.00,460.00
"4620653.00",470.00,10.00,35.00
"4620654.00",290.00,0.00,30.00
"4620655.01",2470.00,410.00,580.00
"4620655.02",3750.00,555.00,770.00
"4620656.01",3660.00,535.00,765.00
"4620656.03",2110.00,255.00,490.00
"4620656.04",4030.00,450.00,770.00
"4620657.01",1895.00,215.00,375.00
"4620657.02",3100.00,395.00,680.00
"4620657.03",2525.00,330.00,495.00
"4620658.01",2325.00,350.00,555.00
"4620658.02",1700.00,190.00,395.00
"4620658.03",4455.00,460.00,890.00
"4620659.04",2630.00,120.00,355.00
"4620659.05",4180.00,190.00,650.00
"4620659.06",1960.00,225.00,370.00
"4620659.08",3640.00,310.00,710.00
"4620659.09",1900.00,175.00,340.00
"4620659.1",1865.00,105.00,210.00
"4620659.11",3460.00,465.00,625.00
"4620660.01",3235.00,235.00,555.00
"4620660.02",2905.00,340.00,565.00
"4620660.03",3790.00,210.00,785.00
"4620661.01",5530.00,490.00,1020.00
"4620661.03",2480.00,235.00,440.00
"4620661.04",2565.00,280.00,540.00
"4620662.00",2565.00,370.00,500.00
"4620675.00",2505.00,380.00,555.00
"4620676.01",1795.00,165.00,335.00
"4620676.02",1360.00,155.00,325.00
"4620676.03",1170.00,120.00,285.00
"4620676.04",1625.00,150.00,410.00
"4620677.01",3055.00,455.00,605.00
"4620677.02",2595.00,470.00,620.00
"4620677.05",2695.00,140.00,475.00
"4620677.06",4595.00,255.00,725.00
"4620677.07",2220.00,240.00,540.00
"4620677.08",4245.00,315.00,930.00
"4620677.09",2440.00,230.00,540.00
"4620677.1",2250.00,200.00,445.00
"4620681.00",1990.00,280.00,450.00
"4620682.02",1260.00,170.00,315.00
"4620682.03",4315.00,420.00,890.00
"4620682.04",1960.00,275.00,480.00
"4620682.05",1660.00,280.00,430.00
"4620682.06",2775.00,310.00,530.00
"4620683.00",3270.00,535.00,745.00
"4620684.03",5135.00,390.00,960.00
"4620684.05",3075.00,350.00,625.00
"4620684.08",3210.00,275.00,625.00
"4620684.09",1895.00,200.00,350.00
"4620684.1",2150.00,240.00,395.00
"4620684.11",2490.00,265.00,480.00
"4620685.02",2265.00,290.00,610.00
"4620685.03",3405.00,405.00,735.00
"4620685.04",1770.00,240.00,405.00
"4620685.05",2400.00,295.00,520.00
"4620685.07",3060.00,310.00,615.00
"4620685.08",5395.00,390.00,900.00
"4620686.01",3230.00,415.00,685.00
"4620686.02",2250.00,355.00,505.00
"4620686.03",1905.00,325.00,430.00
"4620687.01",2485.00,245.00,550.00
"4620687.03",5575.00,480.00,950.00
"4620687.04",2585.00,280.00,575.00
"4620687.06",3055.00,285.00,655.00
"4620687.07",3300.00,340.00,675.00
"4620687.09",1970.00,280.00,475.00
"4620687.1",4915.00,670.00,1045.00
"4620688.02",1615.00,290.00,390.00
"4620688.03",2900.00,630.00,620.00
"4620688.04",3040.00,510.00,710.00
"4620689.01",3825.00,675.00,840.00
"4620689.02",1950.00,415.00,470.00
"4620689.03",4420.00,735.00,1005.00
"4620689.04",3210.00,535.00,645.00
"4620690.00",4040.00,735.00,985.00
"4620691.00",3475.00,640.00,870.00
"4620692.00",5085.00,545.00,980.00
"4620693.00",2625.00,525.00,580.00
"4620694.00",4425.00,530.00,915.00
"4620700.01",2380.00,545.00,555.00
"4620700.03",1325.00,295.00,325.00
"4620700.04",2470.00,435.00,555.00
"4620701.01",1915.00,180.00,360.00
"4620701.02",3545.00,480.00,835.00
"4620702.01",1325.00,60.00,205.00
"4620702.02",3580.00,115.00,530.00
"4620703.02",1945.00,110.00,340.00
"4620703.03",2265.00,125.00,450.00
"4620703.04",2950.00,100.00,435.00
"4620704.01",2710.00,615.00,605.00
"4620704.04",2470.00,200.00,560.00
"4620704.05",3445.00,250.00,755.00
"4620704.06",990.00,85.00,210.00
"4620704.08",2145.00,330.00,660.00
"4620704.09",2650.00,255.00,480.00
"4620705.01",1665.00,60.00,190.00
"4620705.02",2520.00,385.00,455.00
"4620706.00",2190.00,375.00,460.00
"4620707.00",2120.00,440.00,505.00
"4620708.01",2570.00,475.00,535.00
"4620708.02",2270.00,230.00,510.00
"4620709.01",4615.00,495.00,895.00
"4620709.02",3520.00,390.00,690.00
"4620710.03",4865.00,565.00,820.00
"4620710.05",4110.00,275.00,700.00
"4620710.06",1925.00,150.00,290.00
"4620710.07",2655.00,270.00,540.00
"4620710.08",2370.00,350.00,585.00
"4620710.09",2845.00,75.00,355.00
"4620710.1",2450.00,45.00,295.00
"4620710.11",1560.00,160.00,280.00
"4620725.03",1950.00,315.00,450.00
"4620725.04",1795.00,240.00,440.00
"4620725.06",915.00,225.00,200.00
"4620725.07",3685.00,345.00,710.00
"4620725.09",1925.00,115.00,420.00
"4620725.1",2725.00,195.00,465.00
"4620726.01",3245.00,625.00,740.00
"4620726.03",2665.00,490.00,625.00
"4620726.04",1095.00,130.00,280.00
"4620727.01",1585.00,320.00,435.00
"4620727.02",2035.00,335.00,510.00
"4620728.01",3905.00,330.00,775.00
"4620728.02",2270.00,200.00,430.00
"4620728.03",1500.00,210.00,300.00
"4620729.00",2135.00,295.00,475.00
"4620730.01",6415.00,480.00,1130.00
"4620730.02",3760.00,675.00,730.00
"4620731.00",3695.00,945.00,850.00
"4620732.01",3750.00,545.00,715.00
"4620732.03",,,
"4620732.04",2080.00,280.00,385.00
"4620733.01",2285.00,395.00,440.00
"4620733.02",870.00,205.00,150.00
"4620734.03",3095.00,335.00,580.00
"4620734.04",2110.00,330.00,425.00
"4620734.05",4290.00,395.00,760.00
"4620734.06",2735.00,420.00,480.00
"4620734.07",5180.00,530.00,1090.00
"4620735.01",3670.00,555.00,845.00
"4620735.02",4900.00,670.00,965.00
"4620740.01",1110.00,230.00,300.00
"4620740.03",4090.00,595.00,885.00
"4620740.04",5285.00,710.00,975.00
"4620750.01",2870.00,185.00,575.00
"4620750.02",3040.00,135.00,650.00
"4620750.04",1045.00,105.00,270.00
"4620750.06",3265.00,380.00,785.00
"4620750.07",2865.00,350.00,680.00
"4620751.01",3535.00,255.00,865.00
"4620751.02",4305.00,295.00,880.00
"4620755.01",4905.00,685.00,1185.00
"4620755.02",6605.00,535.00,1280.00
"4620756.02",565.00,55.00,155.00
"4620756.03",3840.00,225.00,790.00
"4620756.04",3175.00,245.00,765.00
"4620756.05",3375.00,365.00,810.00
"4620757.00",2555.00,115.00,550.00
"4620758.03",2295.00,105.00,470.00
"4620758.04",3080.00,135.00,540.00
"4620758.05",2330.00,100.00,415.00
"4620758.06",3060.00,315.00,690.00
"4620760.00",3860.00,480.00,765.00
"4620775.00",1260.00,135.00,280.00
"4620776.00",1780.00,250.00,420.00
"4620777.01",2295.00,405.00,540.00
"4620777.02",2670.00,455.00,645.00
"4620780.00",1890.00,360.00,360.00
"4620781.00",2415.00,620.00,525.00
"4620782.00",1650.00,435.00,395.00
"4620783.00",2235.00,560.00,480.00
"4620784.00",1830.00,665.00,460.00
"4620785.00",2325.00,550.00,500.00
"4620786.00",2315.00,415.00,500.00
"4620787.00",4480.00,685.00,900.00
"4620788.00",2920.00,650.00,585.00
"4620789.00",4300.00,665.00,860.00
"4620790.00",4565.00,810.00,855.00
"4620791.00",4950.00,435.00,1045.00
"4620792.00",2555.00,350.00,515.00
"4620800.01",2530.00,245.00,600.00
"4620800.02",2545.00,320.00,750.00
"4620801.00",3755.00,460.00,960.00
"4620802.00",1855.00,270.00,470.00
"4620804.01",3800.00,515.00,945.00
"4620804.02",1160.00,75.00,270.00
"4620805.00",4635.00,565.00,1320.00
"4620806.01",1690.00,220.00,485.00
"4620806.02",2930.00,360.00,835.00
"4620807.01",4425.00,465.00,935.00
"4620807.02",2555.00,380.00,565.00
"4620825.02",2075.00,160.00,490.00
"4620825.03",3110.00,590.00,690.00
"4620825.04",2870.00,360.00,625.00
"4620825.05",2495.00,325.00,530.00
"4620825.06",2645.00,230.00,550.00
"4620825.07",4295.00,215.00,645.00
"4620825.08",1235.00,65.00,160.00
"4620826.02",2295.00,140.00,465.00
"4620826.05",2155.00,195.00,385.00
"4620826.06",2055.00,290.00,410.00
"4620826.07",1740.00,100.00,315.00
"4620826.08",1515.00,0.00,165.00
"4620826.09",1620.00,85.00,255.00
"4620826.1",3365.00,310.00,655.00
"4620826.11",2000.00,160.00,335.00
"4620826.13",2260.00,170.00,340.00
"4620826.14",5885.00,340.00,850.00
"4620827.02",3715.00,560.00,805.00
"4620827.03",4170.00,230.00,715.00
"4620827.04",5145.00,315.00,655.00
"4620828.03",2860.00,185.00,445.00
"4620828.04",2145.00,160.00,425.00
"4620828.05",3130.00,95.00,370.00
"4620828.06",3170.00,105.00,380.00
"4620829.00",4120.00,565.00,925.00
"4620830.01",4095.00,710.00,1040.00
"4620830.03",3160.00,435.00,640.00
"4620830.04",2305.00,290.00,490.00
"4620831.03",2590.00,545.00,740.00
"4620831.04",2800.00,415.00,685.00
"4620831.05",2700.00,280.00,660.00
"4620831.07",1635.00,330.00,335.00
"4620831.08",4455.00,310.00,855.00
"4620831.09",2435.00,320.00,535.00
"4620832.00",,,
"4620833.00",3670.00,465.00,745.00
"4620834.00",1415.00,205.00,280.00
"4620850.01",5670.00,290.00,950.00
"4620850.03",2655.00,305.00,555.00
"4620850.04",2860.00,160.00,445.00
"4620850.05",1975.00,165.00,390.00
"4620851.00",2735.00,305.00,565.00
"4620852.01",4825.00,440.00,795.00
"4620852.02",495.00,85.00,105.00
"4620853.02",3075.00,240.00,460.00
"4620853.03",3150.00,125.00,485.00
"4620853.04",3110.00,200.00,500.00
"4620854.01",2620.00,65.00,240.00
"4620854.02",3045.00,90.00,410.00
"4620855.01",2650.00,115.00,330.00
"4620855.03",2915.00,135.00,450.00
"4620855.04",1750.00,55.00,170.00
"4620856.00",1420.00,125.00,380.00
"4620857.01",2580.00,340.00,505.00
"4620857.02",2335.00,395.00,465.00
"4620857.06",3060.00,405.00,620.00
"4620857.07",4210.00,325.00,745.00
"4620857.08",3105.00,370.00,685.00
"4620857.09",2875.00,160.00,540.00
"4620857.1",3340.00,370.00,625.00
"4620857.11",2200.00,275.00,390.00
"4620857.12",1995.00,300.00,445.00
"4620858.01",2570.00,435.00,635.00
"4620858.02",2140.00,310.00,515.00
"4620858.04",3070.00,285.00,555.00
"4620858.05",1765.00,230.00,320.00
"4620859.00",1480.00,225.00,340.00
"4620860.01",3295.00,310.00,780.00
"4620860.02",1940.00,270.00,410.00
"4620861.00",3700.00,395.00,740.00
"4620862.00",2910.00,105.00,315.00
"4620863.01",1620.00,80.00,170.00
"4620863.02",2850.00,85.00,315.00
"4620864.00",2755.00,45.00,155.00
"4620865.00",970.00,210.00,230.00
"4620866.00",1655.00,315.00,420.00
"4620867.00",3595.00,725.00,770.00
"4620868.01",3115.00,585.00,680.00
"4620868.02",3240.00,790.00,730.00
"4620869.00",1395.00,135.00,310.00
"4620870.01",1930.00,440.00,430.00
"4620870.02",1260.00,265.00,255.00
"4620871.01",1930.00,395.00,385.00
"4620871.02",1060.00,175.00,190.00
"4620872.00",3540.00,795.00,795.00
"4620873.01",2415.00,605.00,515.00
"4620873.02",2440.00,625.00,485.00
"4620874.00",2825.00,545.00,575.00
"4620875.00",2715.00,525.00,560.00
"4620876.01",2005.00,490.00,375.00
"4620876.04",4315.00,230.00,540.00
"4620876.05",4630.00,310.00,800.00
"4620876.06",3115.00,490.00,605.00
"4620876.07",1085.00,85.00,210.00
"4620877.01",4500.00,205.00,485.00
"4620877.02",2960.00,310.00,400.00
"4620878.00",2695.00,585.00,630.00
"4620879.01",1915.00,390.00,415.00
"4620879.02",2125.00,125.00,355.00
"4620880.00",2250.00,330.00,365.00
"4620881.01",2130.00,370.00,355.00
"4620881.02",2050.00,420.00,415.00
"4620882.00",1655.00,320.00,345.00
"4620883.00",1450.00,140.00,210.00
"4620884.01",2080.00,125.00,340.00
"4620884.02",3630.00,330.00,535.00
"4620885.00",1785.00,180.00,245.00
"4620886.01",1825.00,160.00,290.00
"4620886.02",1780.00,105.00,245.00
"4620886.03",1690.00,235.00,340.00
"4620887.03",1840.00,45.00,140.00
"4620887.04",2565.00,100.00,430.00
"4620887.05",2360.00,100.00,325.00
"4620887.06",2580.00,55.00,270.00
"4620887.07",,,
"4620888.01",1935.00,90.00,225.00
"4620888.02",2605.00,60.00,270.00
"4620888.03",2175.00,25.00,250.00
"4620889.01",1120.00,150.00,200.00
"4620889.02",1555.00,70.00,250.00
"4620889.03",2385.00,75.00,360.00
"4620900.00",2240.00,250.00,425.00
"4620901.01",2515.00,295.00,525.00
"4620901.02",2400.00,210.00,495.00
"4620901.03",4530.00,195.00,725.00
"4620902.00",3015.00,265.00,585.00
"4620903.01",3435.00,175.00,500.00
"4620903.04",2170.00,260.00,420.00
"4620903.05",2045.00,195.00,425.00
"4620903.08",1570.00,115.00,335.00
"4620903.09",3560.00,780.00,665.00
"4620903.1",3555.00,750.00,620.00
"4620903.11",2140.00,140.00,325.00
"4620903.12",3225.00,115.00,430.00
"4620903.13",1480.00,135.00,220.00
"4620903.14",1105.00,170.00,205.00
"4620904.02",2620.00,260.00,475.00
"4620904.03",2655.00,165.00,410.00
"4620904.04",1930.00,165.00,390.00
"4620904.05",2090.00,115.00,440.00
"4620904.06",2470.00,130.00,445.00
"4620926.01",2715.00,355.00,625.00
"4620926.02",2515.00,365.00,555.00
"4620929.01",1985.00,120.00,310.00
"4620929.02",2575.00,180.00,525.00
"4620930.02",4900.00,275.00,780.00
"4620930.03",1370.00,95.00,140.00
"4620930.04",3455.00,165.00,500.00
"4621000.00",2910.00,640.00,610.00
"4621001.00",1835.00,350.00,325.00
"4621002.00",3145.00,355.00,615.00
"4621003.00",3695.00,420.00,755.00
"4621004.00",2885.00,380.00,665.00
"4621005.00",4330.00,635.00,1050.00
"4621006.00",11555.00,3020.00,2350.00
"4622001.00",4145.00,470.00,880.00
"4622002.00",275.00,20.00,45.00
"4622003.00",,,
"4622004.00",1565.00,350.00,415.00
"4622005.00",1980.00,360.00,505.00
"4622006.00",,,
"4622007.00",665.00,165.00,160.00
"4622008.00",1475.00,400.00,375.00
"4622009.00",3110.00,540.00,665.00
"4622010.00",,,
"4622011.00",1240.00,340.00,345.00
"4622012.00",785.00,100.00,205.00
"4622013.00",1960.00,235.00,385.00
"4622014.00",1480.00,290.00,335.00
"4622015.00",2295.00,525.00,635.00
"4622100.00",1100.00,125.00,245.00
"4622101.00",575.00,65.00,110.00
"4622102.00",670.00,95.00,165.00
"4622103.00",915.00,140.00,270.00
"4622200.00",3065.00,305.00,640.00
"4622201.00",2445.00,205.00,470.00
"4622202.00",4040.00,320.00,735.00
"4622203.00",2095.00,240.00,425.00
"4622204.00",505.00,55.00,140.00
"4622205.00",2160.00,170.00,420.00
"4622206.00",1090.00,65.00,265.00
"4622207.00",485.00,45.00,95.00
"4622300.00",1440.00,210.00,290.00
"4622301.00",1585.00,415.00,325.00
"4622302.00",1430.00,255.00,385.00
"4622303.00",,,
"4622304.00",600.00,40.00,110.00
"4622400.00",1510.00,300.00,320.00
"4622401.00",2065.00,305.00,370.00
"4622402.00",1855.00,160.00,280.00
